<?xml version="1.0" encoding="UTF-8"?>
<ar:ApplicationResponse xmlns:ar="urn:oasis:names:specification:ubl:schema:xsd:ApplicationResponse-2" xmlns:ext="urn:oasis:names:specification:ubl:schema:xsd:CommonExtensionComponents-2" xmlns:cbc="urn:oasis:names:specification:ubl:schema:xsd:CommonBasicComponents-2" xmlns:cac="urn:oasis:names:specification:ubl:schema:xsd:CommonAggregateComponents-2" xmlns:ds="http://www.w3.org/2000/09/xmldsig#" xmlns:soap="http://schemas.xmlsoap.org/soap/envelope/">
  <ext:UBLExtensions>
    <ext:UBLExtension>
      <ext:ExtensionContent>
        <Signature xmlns="http://www.w3.org/2000/09/xmldsig#">
          <SignedInfo>
            <CanonicalizationMethod Algorithm="http://www.w3.org/2001/10/xml-exc-c14n#WithComments"/>
            <SignatureMethod Algorithm="http://www.w3.org/2001/04/xmldsig-more#rsa-sha256"/>
            <Reference URI="">
              <Transforms>
                <Transform Algorithm="http://www.w3.org/2000/09/xmldsig#enveloped-signature"/>
                <Transform Algorithm="http://www.w3.org/2001/10/xml-exc-c14n#WithComments"/>
              </Transforms>
              <DigestMethod Algorithm="http://www.w3.org/2001/04/xmlenc#sha256"/>
              <DigestValue/>
            </Reference>
          </SignedInfo>
          <SignatureValue/>
          <KeyInfo>
            <X509Data>
              <X509Certificate>x509certificate</X509Certificate>
              <X509IssuerSerial>
                <X509IssuerName>x509subjectname</X509IssuerName>
                <X509SerialNumber>99999</X509SerialNumber>
              </X509IssuerSerial>
            </X509Data>
          </KeyInfo>
        </Signature>
      </ext:ExtensionContent>
    </ext:UBLExtension>
  </ext:UBLExtensions>
  <cbc:UBLVersionID>2.0</cbc:UBLVersionID>
  <cbc:CustomizationID>1.0</cbc:CustomizationID>
  <cbc:ID>fbfe845c-a588-43f4-8592-519e2352c249</cbc:ID>
  <cbc:IssueDate>2024-06-08</cbc:IssueDate>
  <cbc:IssueTime>04:18</cbc:IssueTime>
  <cbc:ResponseDate>2024-06-08</cbc:ResponseDate>
  <cbc:ResponseTime>04:18</cbc:ResponseTime>
  <cac:Signature>
    <cbc:ID>SignNUBEFACT</cbc:ID>
    <cac:SignatoryParty>
      <cac:PartyIdentification>
        <cbc:ID>20600695771</cbc:ID>
      </cac:PartyIdentification>
      <cac:PartyName>
        <cbc:Name>NUBEFACT SA</cbc:Name>
      </cac:PartyName>
    </cac:SignatoryParty>
    <cac:DigitalSignatureAttachment>
      <cac:ExternalReference>
        <cbc:URI>SignNUBEFACT</cbc:URI>
      </cac:ExternalReference>
    </cac:DigitalSignatureAttachment>
  </cac:Signature>
  <cbc:Note>CDR de prueba</cbc:Note>
  <cac:SenderParty>
    <cac:PartyIdentification>
      <cbc:ID>20600695771</cbc:ID>
    </cac:PartyIdentification>
  </cac:SenderParty>
  <cac:ReceiverParty>
    <cac:PartyIdentification>
      <cbc:ID>10441689166</cbc:ID>
    </cac:PartyIdentification>
  </cac:ReceiverParty>
  <cac:DocumentResponse>
    <cac:Response>
      <cbc:ReferenceID>T001-17</cbc:ReferenceID>
      <cbc:ResponseCode>0</cbc:ResponseCode>
      <cbc:Description>ACEPTADA</cbc:Description>
    </cac:Response>
    <cac:DocumentReference>
      <cbc:ID>T001-17</cbc:ID>
      <cbc:DocumentDescription>https://url-test?hashqr=test</cbc:DocumentDescription>
    </cac:DocumentReference>
    <cac:RecipientParty>
      <cac:PartyIdentification>
        <cbc:ID>6-10441689166</cbc:ID>
      </cac:PartyIdentification>
    </cac:RecipientParty>
  </cac:DocumentResponse>
</ar:ApplicationResponse>
