<?xml version="1.0" encoding="UTF-8"?>
<ar:ApplicationResponse xmlns="urn:oasis:names:specification:ubl:schema:xsd:Invoice-2" xmlns:ar="urn:oasis:names:specification:ubl:schema:xsd:ApplicationResponse-2" xmlns:ext="urn:oasis:names:specification:ubl:schema:xsd:CommonExtensionComponents-2" xmlns:cbc="urn:oasis:names:specification:ubl:schema:xsd:CommonBasicComponents-2" xmlns:cac="urn:oasis:names:specification:ubl:schema:xsd:CommonAggregateComponents-2" xmlns:ds="http://www.w3.org/2000/09/xmldsig#" xmlns:soap="http://schemas.xmlsoap.org/soap/envelope/" xmlns:date="http://exslt.org/dates-and-times" xmlns:sac="urn:sunat:names:specification:ubl:peru:schema:xsd:SunatAggregateComponents-1" xmlns:xs="http://www.w3.org/2001/XMLSchema" xmlns:regexp="http://exslt.org/regular-expressions"><ext:UBLExtensions xmlns=""><ext:UBLExtension><ext:ExtensionContent><Signature xmlns="http://www.w3.org/2000/09/xmldsig#">
<SignedInfo>
  <CanonicalizationMethod Algorithm="http://www.w3.org/2001/10/xml-exc-c14n#WithComments"/>
  <SignatureMethod Algorithm="http://www.w3.org/2001/04/xmldsig-more#rsa-sha512"/>
  <Reference URI="">
    <Transforms>
      <Transform Algorithm="http://www.w3.org/2000/09/xmldsig#enveloped-signature"/>
      <Transform Algorithm="http://www.w3.org/2001/10/xml-exc-c14n#WithComments"/>
    </Transforms>
    <DigestMethod Algorithm="http://www.w3.org/2001/04/xmlenc#sha512"/>
    <DigestValue>ZH9nUO8EyyNY6+Rbz+4ciFgCcEwhAZvYyUBGs4zmpL5z3J+iJAAGs1Ng5MBYZMKMajadgadPq0q2fU1dJT8DLw==</DigestValue>
  </Reference>
</SignedInfo>
    <SignatureValue>*Private key 'BetaPublicCert' not up*</SignatureValue><KeyInfo><X509Data><X509Certificate>*Named certificate 'BetaPrivateKey' not up*</X509Certificate><X509IssuerSerial><X509IssuerName>*Named certificate 'BetaPrivateKey' not up*</X509IssuerName><X509SerialNumber>*Named certificate 'BetaPrivateKey' not up*</X509SerialNumber></X509IssuerSerial></X509Data></KeyInfo></Signature></ext:ExtensionContent></ext:UBLExtension></ext:UBLExtensions><cbc:UBLVersionID>2.0</cbc:UBLVersionID><cbc:CustomizationID>1.0</cbc:CustomizationID><cbc:ID>1683685575028</cbc:ID><cbc:IssueDate>2023-05-09</cbc:IssueDate><cbc:IssueTime>00:00:00</cbc:IssueTime><cbc:ResponseDate>2023-05-09</cbc:ResponseDate><cbc:ResponseTime>22:26:15</cbc:ResponseTime><cac:Signature><cbc:ID>SignSUNAT</cbc:ID><cac:SignatoryParty><cac:PartyIdentification><cbc:ID>20131312955</cbc:ID></cac:PartyIdentification><cac:PartyName><cbc:Name>SUNAT</cbc:Name></cac:PartyName></cac:SignatoryParty><cac:DigitalSignatureAttachment><cac:ExternalReference><cbc:URI>#SignSUNAT</cbc:URI></cac:ExternalReference></cac:DigitalSignatureAttachment></cac:Signature><cbc:Note>4027 - El importe total no coincide con la sumatoria de los valores de venta mas los tributos mas los cargos - Error en la linea: 1. : 4027 (nodo: "sac:SummaryDocumentsLine/sac:TotalAmount" valor: "226.80")</cbc:Note><cbc:Note>4027 - El importe total no coincide con la sumatoria de los valores de venta mas los tributos mas los cargos - Error en la linea: 2. : 4027 (nodo: "sac:SummaryDocumentsLine/sac:TotalAmount" valor: "686.10")</cbc:Note><cbc:Note>4027 - El importe total no coincide con la sumatoria de los valores de venta mas los tributos mas los cargos - Error en la linea: 3. : 4027 (nodo: "sac:SummaryDocumentsLine/sac:TotalAmount" valor: "100.00")</cbc:Note><cbc:Note>4027 - El importe total no coincide con la sumatoria de los valores de venta mas los tributos mas los cargos - Error en la linea: 4. : 4027 (nodo: "sac:SummaryDocumentsLine/sac:TotalAmount" valor: "248.30")</cbc:Note><cbc:Note>4027 - El importe total no coincide con la sumatoria de los valores de venta mas los tributos mas los cargos - Error en la linea: 5. : 4027 (nodo: "sac:SummaryDocumentsLine/sac:TotalAmount" valor: "199.50")</cbc:Note><cbc:Note>4027 - El importe total no coincide con la sumatoria de los valores de venta mas los tributos mas los cargos - Error en la linea: 6. : 4027 (nodo: "sac:SummaryDocumentsLine/sac:TotalAmount" valor: "373.50")</cbc:Note><cbc:Note>4027 - El importe total no coincide con la sumatoria de los valores de venta mas los tributos mas los cargos - Error en la linea: 7. : 4027 (nodo: "sac:SummaryDocumentsLine/sac:TotalAmount" valor: "560.00")</cbc:Note><cbc:Note>4027 - El importe total no coincide con la sumatoria de los valores de venta mas los tributos mas los cargos - Error en la linea: 8. : 4027 (nodo: "sac:SummaryDocumentsLine/sac:TotalAmount" valor: "610.00")</cbc:Note><cbc:Note>4027 - El importe total no coincide con la sumatoria de los valores de venta mas los tributos mas los cargos - Error en la linea: 9. : 4027 (nodo: "sac:SummaryDocumentsLine/sac:TotalAmount" valor: "310.00")</cbc:Note><cbc:Note>4027 - El importe total no coincide con la sumatoria de los valores de venta mas los tributos mas los cargos - Error en la linea: 10. : 4027 (nodo: "sac:SummaryDocumentsLine/sac:TotalAmount" valor: "184.50")</cbc:Note><cbc:Note>4027 - El importe total no coincide con la sumatoria de los valores de venta mas los tributos mas los cargos - Error en la linea: 11. : 4027 (nodo: "sac:SummaryDocumentsLine/sac:TotalAmount" valor: "70.00")</cbc:Note><cac:SenderParty><cac:PartyIdentification><cbc:ID>20131312955</cbc:ID></cac:PartyIdentification></cac:SenderParty><cac:ReceiverParty><cac:PartyIdentification><cbc:ID>20600349938</cbc:ID></cac:PartyIdentification></cac:ReceiverParty><cac:DocumentResponse><cac:Response><cbc:ReferenceID>RC-20230509-15</cbc:ReferenceID><cbc:ResponseCode>0</cbc:ResponseCode><cbc:Description>El Resumen diario RC-20230509-15, ha sido aceptado</cbc:Description></cac:Response><cac:DocumentReference><cbc:ID>RC-20230509-15</cbc:ID></cac:DocumentReference><cac:RecipientParty><cac:PartyIdentification><cbc:ID>6-</cbc:ID></cac:PartyIdentification></cac:RecipientParty></cac:DocumentResponse></ar:ApplicationResponse>